Group,GroupName,SceneID,X,Y,NpcLow,NpcHigh,Element,InfoStr,Mark,Open,AreaID,Info
1,U Châu,12807,270,250,1,3,1,0,0,1,1,0
1,U Châu,12806,2090,3670,2,2,20,0,0,1,1,0
1,U Châu,12826,2990,1190,3,11,30,0,0,1,1,0
1,U Châu,12821,2350,290,6,10,22,0,0,1,1,0
1,U Châu,12801,250,1790,11,14,30,0,0,1,1,0
1,U Châu,12815,250,1710,7,34,26,0,0,1,1,0
1,U Châu,12811,2090,2390,17,18,12,0,0,1,1,0
1,U Châu,12812,1350,1190,20,21,10,{ Chưa mở },0,1,1,0
2,Kí Châu,12891,1490,310,13,54,14,0,10029,1,1,0
2,Kí Châu,12042,2070,1090,13,15,14,0,10029,1,1,0
2,Kí Châu,12013,230,1170,15,16,24,0,10029,1,1,0
2,Kí Châu,12841,2970,1150,16,18,18,0,10029,1,1,0
2,Kí Châu,12861,1250,1730,19,20,24,0,10029,1,1,0
2,Kí Châu,12852,2950,1110,20,21,14,0,10029,1,1,0
2,Kí Châu,12871,3050,1170,21,23,6,0,10029,1,1,0
2,Kí Châu,12881,210,1150,23,24,22,0,10029,1,1,0
2,Kí Châu,12831,1310,2410,28,30,22,0,10029,1,1,0
2,Kí Châu,12809,190,1790,34,35,2,0,10029,1,1,0
3,Thanh Châu,11801,290,2410,24,25,18,0,10140,1,1,0
3,Thanh Châu,11811,2350,290,25,26,2,0,10140,1,1,0
3,Thanh Châu,11841,370,1030,26,27,6,0,10140,1,1,0
3,Thanh Châu,11831,370,1690,27,28,12,0,10140,1,1,0
3,Thanh Châu,11803,330,1090,30,31,12,{ Chưa mở },10140,1,1,0
3,Thanh Châu,11821,2170,1210,32,33,12,0,10140,1,1,0
3,Thanh Châu,11822,2350,290,56,80,2,0,10140,1,1,0
3,Thanh Châu,11013,270,1130,60,60,16,0,10140,1,1,0
4,Giang Đông,18801,290,230,34,36,30,0,10400,1,1,0
4,Giang Đông,18804,210,2450,40,42,10,{ Chưa mở },10400,1,1,0
4,Giang Đông,18831,310,270,35,41,22,0,10400,1,1,0
4,Giang Đông,18832,230,210,40,41,20,{ Chưa mở },10400,1,1,0
4,Giang Đông,18871,330,270,37,37,8,0,10400,1,1,0
4,Giang Đông,18846,230,2450,37,38,6,0,10400,1,1,0
4,Giang Đông,18881,2350,290,38,39,10,0,10400,1,1,0
4,Giang Đông,18841,3170,1810,39,57,22,0,10400,1,1,0
4,Giang Đông,18842,1450,1870,44,50,30,0,10400,1,1,0
4,Giang Đông,18844,330,1070,56,57,18,{ Chưa mở },10400,1,1,0
4,Giang Đông,18811,290,250,41,45,30,0,10400,1,1,0
4,Giang Đông,18812,370,270,44,45,20,{ Chưa mở },10400,1,1,0
4,Giang Đông,18861,150,1830,41,47,30,0,10400,1,1,0
4,Giang Đông,18864,270,230,55,56,12,{ Chưa mở },10400,1,1,0
4,Giang Đông,18433,1230,410,42,43,18,0,10400,1,1,0
4,Giang Đông,18891,290,1130,42,45,14,0,10400,1,1,0
4,Giang Đông,18892,2070,1110,44,45,10,{ Chưa mở },10400,1,1,0
4,Giang Đông,18453,270,230,43,51,14,0,10400,1,1,0
4,Giang Đông,18455,3130,350,50,51,6,{ Chưa mở },10400,1,1,0
4,Giang Đông,18444,330,290,44,51,28,0,10400,1,1,0
4,Giang Đông,18442,250,230,50,51,24,{ Chưa mở },10400,1,1,0
4,Giang Đông,18821,150,1830,51,62,30,0,10400,1,1,0
4,Giang Đông,18823,1350,2350,60,62,6,{ Chưa mở },10400,1,1,0
4,Giang Đông,18824,250,250,61,62,24,{ Chưa mở },10400,1,1,0
4,Giang Đông,18818,1510,290,61,63,30,0,10400,1,1,0
4,Giang Đông,18814,250,230,70,70,18,0,10400,1,1,0
4,Giang Đông,18807,310,2370,61,65,30,0,10400,1,1,0
4,Giang Đông,18837,1330,1810,64,65,18,{ Chưa mở },10400,1,1,0
4,Giang Đông,18838,330,1730,64,65,12,{ Chưa mở },10400,1,1,0
4,Giang Đông,18826,150,1830,67,72,22,0,10400,1,1,0
4,Giang Đông,18828,330,1650,70,72,20,{ Chưa mở },10400,1,1,0
4,Giang Đông,18423,270,1770,68,71,14,0,10400,1,1,0
4,Giang Đông,18424,1290,1770,70,71,10,{ Chưa mở },10400,1,1,0
4,Giang Đông,18991,2290,1200,135,135,2,0,10400,1,1,0
5,Từ Châu,15811,1390,370,35,36,20,0,10198,1,1,0
5,Từ Châu,15821,3070,1170,36,37,20,0,10198,1,1,0
5,Từ Châu,15823,3090,350,49,51,30,0,10198,1,1,0
5,Từ Châu,15824,3150,350,49,51,12,{ Chưa mở },10198,1,1,0
5,Từ Châu,15831,190,1790,38,41,30,0,10198,1,1,0
5,Từ Châu,15832,1200,1800,40,41,10,{ Chưa mở },10198,1,1,0
5,Từ Châu,15471,230,1170,38,39,4,0,10198,1,1,0
5,Từ Châu,15802,210,2430,40,42,10,0,10198,1,1,0
5,Từ Châu,15412,1290,950,43,44,18,0,10198,1,1,0
5,Từ Châu,15861,2090,1730,45,49,28,0,10198,1,1,0
5,Từ Châu,15862,370,1670,45,46,20,{ Chưa mở },10198,1,1,0
5,Từ Châu,15841,3990,350,37,41,22,0,10198,1,1,0
5,Từ Châu,15848,210,210,40,41,20,{ Chưa mở },10198,1,1,0
5,Từ Châu,15491,710,690,42,42,4,0,10198,1,1,0
5,Từ Châu,15441,210,490,44,48,10,0,10198,1,1,0
5,Từ Châu,15445,2150,1170,44,45,10,{ Chưa mở },10198,1,1,0
5,Từ Châu,15023,1470,310,48,49,12,0,10198,1,1,0
5,Từ Châu,15452,1310,2430,48,51,26,0,10198,1,1,0
5,Từ Châu,15457,1590,290,80,81,6,0,10198,1,1,0
5,Từ Châu,15423,2210,2450,50,60,30,0,10198,1,1,0
5,Từ Châu,15871,270,230,49,51,24,0,10198,1,1,0
5,Từ Châu,15433,1270,1770,50,51,24,0,10198,1,1,0
5,Từ Châu,15851,2170,1150,49,54,30,0,10198,1,1,0
5,Từ Châu,15853,310,1110,49,50,18,{ Chưa mở },10198,1,1,0
5,Từ Châu,15701,190,1870,80,80,24,0,10198,1,1,0
6,Duyện  Dự Châu,13811,1310,2450,53,54,12,0,10118,1,1,0
6,Duyện  Dự Châu,13851,2190,1150,55,56,14,0,10118,1,1,0
6,Duyện  Dự Châu,13857,1450,350,55,56,6,{ Chưa mở },10118,1,1,0
6,Duyện  Dự Châu,13871,2190,1830,56,57,26,0,10118,1,1,0
6,Duyện  Dự Châu,13873,210,1810,56,57,24,{ Chưa mở },10118,1,1,0
6,Duyện  Dự Châu,13861,2350,350,57,58,12,0,10118,1,1,0
6,Duyện  Dự Châu,13821,1290,2410,58,61,18,0,10118,1,1,0
6,Duyện  Dự Châu,13822,2330,310,60,61,18,{ Chưa mở },10118,1,1,0
6,Duyện  Dự Châu,13841,3010,1150,59,61,14,0,10118,1,1,0
6,Duyện  Dự Châu,13844,210,1170,59,60,12,{ Chưa mở },10118,1,1,0
6,Duyện  Dự Châu,13831,2310,370,62,63,4,0,10118,1,1,0
6,Duyện  Dự Châu,13023,1270,1110,64,64,2,0,10118,1,1,0
6,Duyện  Dự Châu,13806,270,1160,65,66,10,{ Chưa mở },10118,1,1,0
6,Duyện  Dự Châu,13801,1310,1790,65,66,22,0,10118,1,1,0
6,Duyện  Dự Châu,13804,170,2470,65,66,20,{ Chưa mở },10118,1,1,0
6,Duyện  Dự Châu,13451,190,1090,70,71,14,0,10118,1,1,0
6,Duyện  Dự Châu,13893,210,1170,71,71,24,{ Chưa mở },10118,1,1,0
6,Duyện  Dự Châu,13465,1310,2450,71,72,6,{ Chưa mở },10118,1,1,0
7,Liêu Đông,19801,2250,1730,29,35,30,0,10401,1,1,0
7,Liêu Đông,19851,2990,270,34,41,30,0,10401,1,1,0
7,Liêu Đông,19811,230,230,41,47,30,0,10401,1,1,0
7,Liêu Đông,19861,250,250,42,43,6,0,10401,1,1,0
7,Liêu Đông,19831,210,210,43,49,30,0,10401,1,1,0
7,Liêu Đông,19821,250,2370,45,51,26,0,10401,1,1,0
8,Quan Trung Ung Châu,14431,990,650,46,46,4,0,10119,1,1,0
8,Quan Trung Ung Châu,14813,230,1150,71,72,18,0,10119,1,1,0
8,Quan Trung Ung Châu,14821,3090,290,74,105,30,0,10119,1,1,0
8,Quan Trung Ung Châu,14823,2250,310,120,121,10,0,10119,1,1,0
8,Quan Trung Ung Châu,14824,210,210,74,75,18,{ Chưa mở },10119,1,1,0
8,Quan Trung Ung Châu,14825,1290,2370,104,105,6,{ Chưa mở },10119,1,1,0
8,Quan Trung Ung Châu,14831,3950,250,74,117,28,0,10119,1,1,0
8,Quan Trung Ung Châu,14836,3170,190,120,120,24,0,10119,1,1,0
8,Quan Trung Ung Châu,14837,1250,1710,74,75,12,{ Chưa mở },10119,1,1,0
8,Quan Trung Ung Châu,14838,250,190,115,116,20,{ Chưa mở },10119,1,1,0
8,Quan Trung Ung Châu,14801,210,2430,77,81,22,0,10119,1,1,0
8,Quan Trung Ung Châu,14805,210,210,80,81,6,{ Chưa mở },10119,1,1,0
8,Quan Trung Ung Châu,14851,330,3010,88,96,14,0,10119,1,1,0
8,Quan Trung Ung Châu,14842,3050,1190,92,96,30,0,10119,1,1,0
8,Quan Trung Ung Châu,14846,230,1170,94,95,6,{ Chưa mở },10119,1,1,0
8,Quan Trung Ung Châu,14861,2950,1130,92,94,30,0,10119,1,1,0
8,Quan Trung Ung Châu,14871,370,1030,97,100,30,0,10119,1,1,0
9,Cao Câu Ly,56801,310,1090,114,120,30,0,10140,1,1,0
9,Cao Câu Ly,56803,250,230,125,126,10,{ Chưa mở },10140,1,1,0
9,Cao Câu Ly,56811,1370,1810,124,130,30,0,10140,1,1,0
10,Ngụy Quốc,57812,4890,210,125,126,20,{ Chưa mở },11843,1,1,0
11,Tịnh Châu,20831,3930,1190,51,52,10,0,10580,1,1,0
11,Tịnh Châu,20811,1530,310,56,63,28,0,10580,1,1,0
11,Tịnh Châu,20821,310,270,62,68,30,0,10580,1,1,0
11,Tịnh Châu,20851,170,2470,66,76,30,0,10580,1,1,0
11,Tịnh Châu,20854,1250,1750,75,76,24,{ Chưa mở },10580,1,1,0
11,Tịnh Châu,20841,290,250,72,81,26,0,10580,1,1,0
11,Tịnh Châu,20843,310,310,80,81,10,{ Chưa mở },10580,1,1,0
11,Tịnh Châu,20861,170,2470,73,76,22,0,10580,1,1,0
11,Tịnh Châu,20862,250,1110,75,76,6,{ Chưa mở },10580,1,1,0
11,Tịnh Châu,20801,3990,2490,80,86,30,0,10580,1,1,0
11,Tịnh Châu,20802,2790,1070,80,81,20,{ Chưa mở },10580,1,1,0
12,Kinh Bắc,21881,150,2470,75,101,24,0,10581,1,1,0
12,Kinh Bắc,21884,190,190,94,103,30,0,10581,0,1,0
12,Kinh Bắc,21885,2310,330,94,95,24,{ Chưa mở },10581,1,1,0
12,Kinh Bắc,21801,190,3730,78,87,30,0,10581,1,1,0
12,Kinh Bắc,21804,210,210,81,82,24,{ Chưa mở },10581,1,1,0
12,Kinh Bắc,21806,190,1830,82,85,14,0,10581,1,1,0
12,Kinh Bắc,21809,210,210,84,85,10,{ Chưa mở },10581,1,1,0
12,Kinh Bắc,21816,2390,270,84,86,28,0,10581,1,1,0
12,Kinh Bắc,21817,3130,330,84,85,20,{ Chưa mở },10581,1,1,0
12,Kinh Bắc,21847,150,1230,88,90,30,0,10581,1,1,0
12,Kinh Bắc,21848,230,190,89,90,18,{ Chưa mở },10581,1,1,0
12,Kinh Bắc,21831,2330,310,90,97,18,0,10581,1,1,0
12,Kinh Bắc,21833,150,190,95,98,12,0,10581,1,1,0
12,Kinh Bắc,21834,2110,1790,100,101,10,{ Chưa mở },10581,1,1,0
12,Kinh Bắc,21820,230,1810,90,91,12,{ Chưa mở },10581,1,1,0
12,Kinh Bắc,21821,1490,1210,90,92,12,0,10581,1,1,0
12,Kinh Bắc,21823,3990,230,97,104,22,0,10581,1,1,0
12,Kinh Bắc,21891,2350,2470,100,106,22,0,10581,1,1,0
12,Kinh Bắc,21892,230,2450,100,101,20,{ Chưa mở },10581,1,1,0
12,Kinh Bắc,21871,190,1850,107,121,30,0,10581,1,1,0
12,Kinh Bắc,21876,210,210,110,111,18,{ Chưa mở },10581,1,1,0
12,Kinh Bắc,21861,4850,1190,113,121,14,0,10581,1,1,0
12,Kinh Bắc,21864,190,190,120,130,20,0,10581,1,1,0
12,Kinh Bắc,21826,2310,330,126,126,10,0,10581,1,1,0
12,Kinh Bắc,21811,150,1190,132,146,30,0,10581,1,1,0
12,Kinh Bắc,21851,1450,1830,135,150,26,0,10581,1,1,0
12,Kinh Bắc,21841,110,1830,143,148,30,0,10581,1,1,0
12,Kinh Bắc,21836,250,2430,150,156,28,0,10581,1,1,0
13,Kinh Nam,23881,230,230,108,142,30,0,10750,1,1,0
13,Kinh Nam,23883,150,1170,110,111,12,{ Chưa mở },10750,1,1,0
13,Kinh Nam,23811,250,170,112,141,30,0,10750,1,1,0
13,Kinh Nam,23411,210,250,115,116,18,0,10750,1,1,0
13,Kinh Nam,23821,2150,1810,134,143,30,0,10750,1,1,0
13,Kinh Nam,23851,210,1810,145,146,10,0,10750,1,1,0
13,Kinh Nam,23831,2905,1810,148,149,20,0,10750,1,1,0
13,Kinh Nam,23841,210,1170,150,151,24,0,10750,1,1,0
13,Kinh Nam,23872,1450,2490,153,159,26,0,10750,1,1,0
13,Kinh Nam,23802,190,2470,156,163,22,0,10750,1,1,0
13,Kinh Nam,23861,3010,1190,160,166,28,0,10750,1,1,0
13,Kinh Nam,23806,250,2410,168,170,30,0,10750,1,1,0
14,Di Châu,16801,2910,1690,104,105,24,0,10433,1,1,0
14,Di Châu,16802,1450,350,109,110,6,0,10433,1,1,0
15,Y Châu,26511,350,350,57,58,18,0,11205,1,1,0
15,Y Châu,26521,3890,1630,77,78,18,0,11205,1,1,0
15,Y Châu,26526,3690,990,80,81,12,0,11205,1,1,0
15,Y Châu,26531,430,1690,60,62,20,0,11205,1,1,0
15,Y Châu,26801,270,2390,64,65,6,0,11205,1,1,0
15,Y Châu,26802,310,230,70,71,24,0,11205,1,1,0
15,Y Châu,26811,250,1010,82,83,24,0,11205,1,1,0
15,Y Châu,26812,170,1790,86,88,12,0,11205,1,1,0
15,Y Châu,26816,1430,270,60,62,20,0,11205,1,1,0
15,Y Châu,26821,370,1050,90,91,18,0,11205,1,1,0
15,Y Châu,26831,250,350,71,72,6,0,11205,1,1,0
15,Y Châu,26841,3790,1130,73,74,18,0,11205,1,1,0
15,Y Châu,26851,290,1710,90,91,24,0,11205,1,1,0
15,Y Châu,26852,1390,1170,94,95,12,0,11205,1,1,0
15,Y Châu,26861,2150,1710,82,84,6,0,11205,1,1,0
15,Y Châu,26862,230,1130,86,88,18,0,11205,1,1,0
15,Y Châu,26872,1330,3030,92,93,12,0,11205,1,1,0
15,Y Châu,26881,330,290,65,66,24,0,11205,1,1,0
15,Y Châu,26891,2930,1110,75,76,12,0,11205,1,1,0
15,Y Châu,26892,290,2370,78,80,18,0,11205,1,1,0
16,Lương Châu,24501,2050,1810,103,104,10,0,10933,1,1,0
16,Lương Châu,24505,90,270,108,110,24,0,10933,1,1,0
16,Lương Châu,24851,510,490,105,106,24,0,10933,1,1,0
16,Lương Châu,24852,310,230,111,111,6,0,10933,1,1,0
16,Lương Châu,24854,310,230,116,117,18,0,10933,1,1,0
16,Lương Châu,24855,2310,270,120,121,20,0,10933,1,1,0
16,Lương Châu,24857,2270,290,104,105,24,{ Chưa mở },10933,1,1,0
16,Lương Châu,24806,250,2430,107,108,12,0,10933,1,1,0
16,Lương Châu,24821,2970,1170,113,114,12,0,10933,1,1,0
16,Lương Châu,24822,3090,330,115,116,10,{ Chưa mở },10933,1,1,0
16,Lương Châu,24871,1350,2470,117,118,12,0,10933,1,1,0
16,Lương Châu,24832,1290,3050,122,122,12,0,10933,1,1,0
16,Lương Châu,24834,1450,250,127,128,18,0,10933,1,1,0
16,Lương Châu,24861,2190,1830,123,124,18,0,10933,1,1,0
16,Lương Châu,24411,230,1150,125,126,20,0,10933,1,1,0
16,Lương Châu,24412,290,2390,130,131,10,0,10933,1,1,0
16,Lương Châu,24421,2110,1790,134,135,18,0,10933,1,1,0
16,Lương Châu,24812,270,2410,173,174,18,0,10933,1,1,0
16,Lương Châu,24841,230,1170,137,137,20,0,10933,1,1,0
16,Lương Châu,24842,290,1130,142,143,6,0,10933,1,1,0
16,Lương Châu,24843,2210,1190,139,140,10,0,10933,1,1,0
16,Lương Châu,24881,1310,1790,141,142,12,0,10933,1,1,0
16,Lương Châu,24432,290,1790,145,146,24,0,10933,1,1,0
16,Lương Châu,24802,2270,1770,167,168,10,0,10933,1,1,0
16,Lương Châu,24803,1470,1150,173,174,12,0,10933,1,1,0
17,Ích Châu,25415,210,210,125,126,6,0,10932,1,1,0
17,Ích Châu,25419,210,1830,129,130,18,0,10932,1,1,0
17,Ích Châu,25861,210,170,148,149,12,0,10932,1,1,0
17,Ích Châu,25863,210,2450,153,154,18,0,10932,1,1,0
17,Ích Châu,25425,3990,290,152,153,24,0,10932,1,1,0
17,Ích Châu,25427,190,230,157,158,6,0,10932,1,1,0
17,Ích Châu,25881,290,230,164,165,10,0,10932,1,1,0
17,Ích Châu,25882,350,1070,168,170,18,0,10932,1,1,0
17,Ích Châu,25891,370,1010,179,180,20,0,10932,1,1,0
17,Ích Châu,25894,1170,3010,177,178,24,0,10932,1,1,0
17,Ích Châu,25452,190,1190,120,121,6,0,10932,1,1,0
17,Ích Châu,25447,1490,290,127,128,10,0,10932,1,1,0
17,Ích Châu,25440,250,1150,138,140,20,0,10932,1,1,0
17,Ích Châu,25435,270,1790,133,135,10,0,10932,1,1,0
17,Ích Châu,25806,250,1790,149,150,18,0,10932,1,1,0
17,Ích Châu,25836,190,2450,151,152,6,0,10932,1,1,0
17,Ích Châu,25871,290,1130,156,158,24,0,10932,1,1,0
17,Ích Châu,25846,2130,1170,159,160,24,0,10932,1,1,0
17,Ích Châu,25831,230,1810,161,162,24,0,10932,1,1,0
17,Ích Châu,25851,1310,2450,162,163,20,0,10932,1,1,0
17,Ích Châu,25802,210,2430,171,172,20,0,10932,1,1,0
17,Ích Châu,25896,2130,1150,171,172,10,0,10932,1,1,0
17,Ích Châu,25895,2910,1090,175,176,12,0,10932,1,1,0
17,Ích Châu,25821,250,2430,177,178,6,0,10932,1,1,0
17,Ích Châu,25812,1250,3690,175,176,18,0,10932,1,1,0
17,Ích Châu,25813,1990,1710,179,180,10,0,10932,1,1,0
18,Tái Ngoại,27831,4030,270,101,102,18,0,11451,1,1,0
18,Tái Ngoại,27841,3010,1170,106,107,10,0,11451,1,1,0
18,Tái Ngoại,27501,170,1550,112,113,20,0,11451,1,1,0
18,Tái Ngoại,27851,2310,310,115,116,6,0,11451,1,1,0
18,Tái Ngoại,27852,1230,2390,120,121,24,0,11451,1,1,0
18,Tái Ngoại,27821,230,210,126,127,18,0,11451,1,1,0
18,Tái Ngoại,27822,130,1830,131,132,12,0,11451,1,1,0
18,Tái Ngoại,27811,1570,270,140,141,20,0,11451,1,1,0
18,Tái Ngoại,27871,130,2470,146,147,10,0,11451,1,1,0
18,Tái Ngoại,27872,2350,1170,151,152,24,0,11451,1,1,0
18,Tái Ngoại,27511,130,370,156,157,6,0,11451,1,1,0
18,Tái Ngoại,27861,190,1830,162,163,20,0,11451,1,1,0
18,Tái Ngoại,27862,1330,1790,167,168,18,0,11451,1,1,0
18,Tái Ngoại,27801,170,2510,173,174,10,0,11451,1,1,0
18,Tái Ngoại,27802,150,1170,179,180,12,0,11451,1,1,0
19,Tây Vực,28841,170,1210,80,81,20,0,11702,1,1,0
19,Tây Vực,28842,2270,1130,85,86,10,0,11702,1,1,0
19,Tây Vực,28831,3950,1150,91,92,12,0,11702,1,1,0
19,Tây Vực,28832,170,1850,96,97,18,0,11702,1,1,0
19,Tây Vực,28821,190,2490,90,91,18,0,11702,1,1,0
19,Tây Vực,28822,1290,1770,95,96,12,0,11702,1,1,0
19,Tây Vực,28851,3990,1190,85,86,20,0,11702,1,1,0
19,Tây Vực,28501,2370,370,80,81,10,0,11702,1,1,0
19,Tây Vực,28811,170,1850,100,101,24,0,11702,1,1,0
19,Tây Vực,28801,2350,1850,100,101,6,0,11702,1,1,0
19,Tây Vực,28861,2350,250,120,121,18,{ Chưa mở },11702,1,1,0
19,Tây Vực,28862,290,250,120,121,12,{ Chưa mở },11702,1,1,0
20,Ti Lộ,29871,130,1230,104,105,20,0,11703,1,1,0
20,Ti Lộ,29821,230,150,105,106,10,0,11703,1,1,0
20,Ti Lộ,29822,230,130,109,110,24,0,11703,1,1,0
20,Ti Lộ,29841,2330,190,114,115,12,0,11703,1,1,0
20,Ti Lộ,29842,1550,170,119,120,10,0,11703,1,1,0
20,Ti Lộ,29501,1230,1830,119,120,20,0,11703,1,1,0
20,Ti Lộ,29811,170,1210,114,115,18,0,11703,1,1,0
20,Ti Lộ,29812,250,170,130,131,10,{ Chưa mở },11703,1,1,0
20,Ti Lộ,29814,270,1150,130,131,20,{ Chưa mở },11703,1,1,0
20,Ti Lộ,29851,170,1210,109,110,6,0,11703,1,1,0
20,Ti Lộ,29831,3210,1190,125,126,24,0,11703,1,1,0
20,Ti Lộ,29801,2330,1830,130,131,20,0,11703,1,1,0
20,Ti Lộ,29862,2350,2470,124,131,14,0,11703,1,1,0
21,Địa Ngục,60807,2310,350,100,101,20,0,11453,1,1,0
21,Địa Ngục,60810,2190,1170,130,131,10,0,11453,1,1,0
21,Địa Ngục,60809,1510,290,132,132,20,0,11453,1,1,0
21,Địa Ngục,60821,3190,1170,146,147,6,0,11453,1,1,0
21,Địa Ngục,60822,1450,190,150,151,24,0,11453,1,1,0
21,Địa Ngục,60823,2270,230,155,156,20,0,11453,1,1,0
21,Địa Ngục,60831,3970,1190,161,162,10,0,11453,1,1,0
21,Địa Ngục,60521,390,2470,166,167,24,0,11453,1,1,0
21,Địa Ngục,60811,1490,1830,172,173,6,0,11453,1,1,0
21,Địa Ngục,60531,2330,1550,177,178,18,0,11453,1,1,0
22,Minh Châu,61511,2070,2450,100,101,6,0,11455,1,1,0
22,Minh Châu,61822,1410,1830,106,107,24,0,11455,1,1,0
22,Minh Châu,61852,190,1790,120,122,12,0,11455,1,1,0
22,Minh Châu,61803,2190,1810,150,151,24,0,11455,1,1,0
22,Minh Châu,61831,290,270,111,112,10,0,11455,1,1,0
22,Minh Châu,61832,170,230,116,117,20,0,11455,1,1,0
22,Minh Châu,61841,230,150,126,127,12,0,11455,1,1,0
22,Minh Châu,61842,190,1790,131,132,18,0,11455,1,1,0
22,Minh Châu,61811,3830,1130,138,139,10,0,11455,1,1,0
22,Minh Châu,61812,1330,1770,134,135,10,0,11455,1,1,0
23,Nam Trung,30891,210,1170,126,127,20,0,11843,1,1,0
23,Nam Trung,30892,150,3130,142,145,20,0,11843,1,1,0
23,Nam Trung,30841,190,1150,133,135,10,0,11843,1,1,0
23,Nam Trung,30861,3010,1130,136,140,20,0,11843,1,1,0
23,Nam Trung,30822,171,1178,135,138,8,0,11843,1,1,0
23,Nam Trung,30871,150,3730,148,155,12,0,11843,1,1,0
23,Nam Trung,30812,3110,1230,137,138,10,0,11843,1,1,0
23,Nam Trung,30803,150,2470,135,138,10,0,11843,1,1,0
23,Nam Trung,30911,3090,2470,140,142,16,0,11843,1,1,0
23,Nam Trung,30853,3050,1190,141,141,20,{ Chưa mở },11843,1,1,0
23,Nam Trung,30852,330,1110,140,140,10,{ Chưa mở },11843,1,1,0
23,Nam Trung,30901,2390,270,145,148,8,0,11843,1,1,0
23,Nam Trung,30421,2250,1810,151,153,16,0,11843,1,1,0
23,Nam Trung,30831,130,2470,156,158,2,0,11843,1,1,0
23,Nam Trung,30921,130,1170,158,160,10,0,11843,1,1,0
23,Nam Trung,30462,230,1190,158,160,12,0,11843,1,1,0
23,Nam Trung,30466,210,110,136,136,20,{ Chưa mở },11843,1,1,0
24,Tây Ninh,31403,230,1790,145,146,6,{ Chưa mở },11974,1,1,0
24,Tây Ninh,31404,250,230,145,146,24,{ Chưa mở },11974,1,1,0
24,Tây Ninh,31421,2290,1850,93,95,4,0,11974,1,1,0
24,Tây Ninh,31501,410,1150,130,133,16,0,11974,1,1,0
24,Tây Ninh,31806,1490,1810,140,141,8,0,11974,1,1,0
25,Yến Nhiên,32411,1490,1170,95,97,18,0,11975,1,1,0
25,Yến Nhiên,32811,190,1830,145,146,8,0,11975,1,1,0
25,Yến Nhiên,32821,4810,1170,143,144,2,0,11975,1,1,0
25,Yến Nhiên,32832,190,1810,155,166,30,{ Chưa mở },11975,1,1,0
25,Yến Nhiên,32833,2250,1770,155,156,20,{ Chưa mở },11975,0,1,0
25,Yến Nhiên,32836,230,1810,160,161,10,{ Chưa mở },11975,0,1,0
25,Yến Nhiên,32838,2330,170,160,161,20,{ Chưa mở },11975,0,1,0
25,Yến Nhiên,32840,2310,210,165,166,10,{ Chưa mở },11975,0,1,0
25,Yến Nhiên,32842,2290,1170,165,166,20,{ Chưa mở },11975,0,1,0
25,Yến Nhiên,32851,3690,1110,170,171,6,{ Chưa mở },11975,1,1,0
25,Yến Nhiên,32852,250,1790,170,171,24,{ Chưa mở },11975,1,1,0
25,Yến Nhiên,32853,2350,310,170,171,192,{ Chưa mở },11975,1,1,0
25,Yến Nhiên,32854,250,2430,170,171,24,{ Chưa mở },11975,1,1,0
25,Yến Nhiên,32855,250,2430,170,171,192,{ Chưa mở },11975,1,1,0
25,Yến Nhiên,32856,1290,3730,170,171,6,{ Chưa mở },11975,1,1,0
25,Yến Nhiên,32857,270,2410,175,176,6,{ Chưa mở },11975,1,1,0
25,Yến Nhiên,32858,250,1790,175,176,6,{ Chưa mở },11975,1,1,0
25,Yến Nhiên,32859,4590,1130,175,176,24,{ Chưa mở },11975,1,1,0
25,Yến Nhiên,32860,2910,1130,175,176,24,{ Chưa mở },11975,1,1,0
25,Yến Nhiên,32861,4010,310,175,176,192,{ Chưa mở },11975,1,1,0
25,Yến Nhiên,32862,350,290,175,176,192,{ Chưa mở },11975,1,1,0
25,Yến Nhiên,32863,4610,1190,180,181,6,{ Chưa mở },11975,1,1,0
25,Yến Nhiên,32864,2110,1810,180,181,6,{ Chưa mở },11975,1,1,0
25,Yến Nhiên,32865,1530,290,180,181,24,{ Chưa mở },11975,1,1,0
25,Yến Nhiên,32866,330,290,180,181,24,{ Chưa mở },11975,1,1,0
25,Yến Nhiên,32867,2910,1170,180,181,192,{ Chưa mở },11975,1,1,0
25,Yến Nhiên,32868,2330,330,180,181,192,{ Chưa mở },11975,1,1,0
101,Chuyển Sinh,13243,190,480,1,0,0,Thiên Độc Sơn Động
Địa Điểm: Uyển Thành - Dự Châu,0,1,1,0
101,Chuyển Sinh,11021,780,395,2,0,0,Phẫn Nộ Của Biển
Địa Điểm: Làng Phùng Lai - Thanh Châu,0,1,1,0
101,Chuyển Sinh,56501,1165,1335,3,0,0,Thú To Chạy Thoát
Địa Điểm: Động Bạch Sơn - Cao Câu Ly,0,1,1,0
101,Chuyển Sinh,55003,400,360,4,0,0,Thú Lớn Hỏa Diệm
Địa Điểm: Nhà Bắc Tinh Quân - Phùng Lai Tiên Đảo,0,1,1,0
101,Chuyển Sinh,19011,610,840,5,0,0,Hang Sâu Tuyết Động
Địa Điểm: Thôn Vọng Bình - Liêu Đông,0,1,1,0
101,Chuyển Sinh,18001,1310,280,6,0,0,Sâm Lan Thái Hồ
Địa Điểm: Đại Lộ Kiến Nghiệp - Kiến Nghiệp Thành,0,1,1,0
101,Chuyển Sinh,56101,330,380,7,0,0,Lễ Tế Thần Nước Cao Ly
Địa Điểm: Quế Lâu Bộ - Cao Câu Ly,0,1,1,0
101,Chuyển Sinh,19176,490,360,8,0,0,Khung Thương Loạn Vũ
Địa Điểm: Trướng Ô Hoàn - Liêu Đông,0,1,1,0
101,Chuyển Sinh,59451,530,820,9,0,0,Phan Đào Diên Thọ
Địa Điểm: Linh Hư Sơn - Tiên Giới,0,1,1,0
102,Tái Sinh,59411,570,470,10,0,0,Thiện Ác Phân Tranh
Địa Điểm: Tế Đàn - Tiên Giới,0,1,1,0
102,Tái Sinh,59301,370,280,11,0,0,Kêu Ngày Gọi Đêm
Địa Điểm: Lễ Thiên Địa - Tiên Giới,0,1,1,0
102,Tái Sinh,59842,910,460,12,0,0,Hành Trình Mạo Hiểm
Địa Điểm: Lễ Thiên Địa - Tiên Giới,0,1,1,0
102,Tái Sinh,59842,990,560,13,0,0, Lực Kháng Tâm Ma - Nghề Đích Tiên
Địa Điểm: Lễ Thiên Địa - Tiên Giới,0,1,1,0
102,Tái Sinh,60462,610,180,14,0,0,Bá Vương Than Khóc - Nghề Bá Vương
Địa Điểm: Núi Đao - Địa Ngục,0,1,1,0
102,Tái Sinh,61012,1005,830,15,0,0,Âm Mưu Mạn Đà La - Nghề Hiền Sĩ
Địa Điểm: Phù Nam Thành - Minh Châu,0,1,1,0
102,Tái Sinh,61012,570,470,16,0,0,Hiệp Viện Thành Phù Nam - Nghề Hiệp Khách
Địa Điểm: Phù Nam Thành - Minh Châu,0,1,1,0
103,Trùng Sinh,59301,370,280,17,0,0,Triệu Hồi Quang Ám
Địa Điểm: Ngọc Đế - Thiên Đình  Tiên giới,0,1,1,0
103,Trùng Sinh,59301,370,280,18,0,0,Thu Phục Quang Ám
Địa Điểm: Ngọc Đế - Thiên Đình  Tiên giới,0,1,1,0
